CLAVE,Precip_at_Pe85_mm,w
13042,985.1243157894737,0.14858170067983414
13015,248.70600000000002,0.0077511768056555
30359,540.956,0.010270839206741917
30067,1029.0,0.07460905491672815
13135,1096.489,0.025742140168399933
30382,1783.5539999999999,0.3855102776245868
30016,198.37000000000003,0.20655130480969455
13139,1083.5800000000002,0.06517074078923334
30041,1403.075,0.05383875063411982
30180,1100.1560000000002,0.02197401436500594
